effect_id,study_id,study_design,construct,sub_construct,measure_type,sample_context,name,age,cleft_type,cleft_n,cleft_mean,cleft_sd,compare_n,compare_mean,compare_sd,eff_size,var,test_fam,test_analy,test_statistic,test_alpha,num_var,location,year,pal_repair_age,pal_repair_type
1296,2,5,2,22,1,0,MCDI - Expressive (raw),30,5,28,43.46,5.84,29,47.31,5.01,-0.7086,0.0746,,,,,,0,0,13.3,0
1365,2,5,2,21,1,0,MCDI - Comprehension/Conceptual (raw),30,5,28,32.04,7.97,29,37.45,7.33,-0.7071,0.0746,,,,,,0,0,13.3,0
1874,2,5,2,22,2,0,MLU,30,5,28,2.18,0.74,29,2.42,0.71,-0.3311,0.0712,,,,,,0,0,13.3,0
35,3,2,1,12,.,1,Screening Test of TDTA,104,3,10,42.4,5.42,10,48.6,4.43,-1.2526,0.2392,,,,,,0,0,.,0
317,3,2,1,12,.,1,IPAT,104,3,10,34.78,7.14,10,41.8,3.8,-1.2274,0.2377,,,,,,0,0,.,0
770,3,2,1,13,.,1,GFTA Raw Score,48,3,10,26.9,15.62,10,13.3,6.88,1.1269,0.2317,t,means(para),-2.26,0.05,1,0,0,.,0
1214,3,2,2,22,1,0,BDI - Expressive,48,3,10,0.45,0.9,10,0.71,0.75,-0.3139,0.2025,,,,,,0,0,.,0
1661,3,2,2,22,1,0,TOLD2 - SPQ,104,5,10,30.4,9.23,10,31.8,8.03,-0.1618,0.2007,,,,,,0,0,.,0
1840,3,2,2,21,1,0,BDI - Receptive,48,3,10,-0.4,0.8,10,0.58,0.84,-1.1948,0.2357,,,,,,0,0,.,0
1894,3,2,2,21,1,0,TOLD2 - LIQ,104,5,10,24.9,7.84,10,27,7.75,-0.2694,0.2018,,,,,,0,0,.,0
22,4,5,1,11,.,2,Consonant Inventory (Lexical Items),21,5,15,11.2,5.35,15,15.67,2.97,-1.036,0.1512,t,means(para),-2.828,0.01,1,0,0,12.47,0
97,4,5,1,11,.,2,True Consonant Inventory (Lexical Items),21,5,15,7.67,4.79,15,11.87,2.95,-1.0558,0.1519,t,means(para),-2.892,0.008,1,0,0,12.47,0
126,4,5,1,12,.,2,Glide Accuracy,21,5,15,55.4,25.58,15,43.27,25.33,0.4765,0.1371,t,means(para),1.305,0.202,1,0,0,12.47,0
243,4,5,1,11,.,2,Percentage True Stops (All Utterances),21,5,15,23.61,20.68,15,45.96,12.25,-1.315,0.1622,t,means(para),-3.602,0.002,1,0,0,12.47,0
281,4,5,1,12,.,2,Liquid Accuracy,21,5,15,5.43,6.43,15,14.6,14.52,-0.8166,0.1444,t,means(para),-2.235,0.034,1,0,0,12.47,0
298,4,5,1,12,.,2,Glottal Accuracy,21,5,15,58.47,30.85,15,77.07,20.91,-0.7058,0.1416,t,means(para),-1.933,0.63,1,0,0,12.47,0
462,4,5,1,11,.,2,Consonant Inventory (All utterances),21,5,15,15.13,5.33,15,18.87,2.47,-0.9004,0.1468,t,means(para),,0.023,1,0,0,12.47,0
475,4,5,1,12,.,2,Labial Accuracy,21,5,15,34.2,23.15,15,71.2,15.65,-1.8726,0.1918,t,means(para),-5.128,0,1,0,0,12.47,0
720,4,5,1,12,.,2,Palatal Accuracy,21,5,15,20.4,15.72,15,24.47,17.47,-0.2449,0.1343,t,means(para),-0.67,0.508,1,0,0,12.47,0
732,4,5,1,12,.,2,Dental Accuracy,21,5,15,2.67,4.62,15,12.93,17.94,-0.7832,0.1436,t,means(para),-2.146,0.048,1,0,0,12.47,0
739,4,5,1,11,.,2,Percentage of true stops (Lexical Items),21,5,15,23.4,19.65,15,51,11.52,-1.7136,0.1823,t,means(para),-4.692,0,1,0,0,12.47,0
787,4,5,1,11,.,2,Number of Stable Consonants,21,5,15,2.93,2.19,15,5.8,3,-1.0927,0.1532,t,means(para),-2.988,0.006,1,0,0,12.47,0
828,4,5,1,12,.,2,Velar Accuracy,21,5,15,20.6,21.7,15,40.13,18.34,-0.9721,0.1491,t,means(para),-2.663,0.013,1,0,0,12.47,0
855,4,5,1,12,.,2,Alveolar Accuracy,21,5,15,14.13,9.59,15,35.87,14.71,-1.7509,0.1844,t,means(para),-4.793,0,1,0,0,12.47,0
946,4,5,1,11,.,2,Number Emerging Consonants,21,5,15,7.53,4.52,15,12.27,3.59,-1.1613,0.1558,t,means(para),-3.175,0.004,1,0,0,12.47,0
947,4,5,1,12,.,2,Nasal Accuracy,21,5,15,40.6,22.17,15,56.47,21.92,-0.7199,0.142,t,means(para),-1.971,0.059,1,0,0,12.47,0
985,4,5,1,12,.,2,Fricative Accuracy,21,5,15,22,17.77,15,34.13,18.89,-0.6614,0.1406,t,means(para),-1.812,0.081,1,0,0,12.47,0
986,4,5,1,11,.,2,True Consonant Inventory (All Utterances),21,5,15,10.93,5.28,15,14.87,2.26,-0.9702,0.149,t,means(para),-2.65,0.016,1,0,0,12.47,0
1061,4,5,1,12,.,2,Accuracy of Final Consonants,21,5,15,11,11.8,15,24,18.12,-0.8502,0.1454,t,means(para),-2.424,0.022,1,0,0,12.47,0
1298,4,5,2,22,2,1,CDI - total words,21,5,15,112,76,15,160,107,-0.5172,0.1378,,,,,,0,0,12.47,0
1849,4,5,2,22,2,1,NDW,21,5,15,19,11,15,33,14,-1.112,0.1539,,,,,,0,0,12.47,0
1066,5,2,1,12,.,1,GFTA Standard Score,67,5,28,79.79,22.09,28,106.86,5.62,-1.6795,0.0966,t,means(para),-6.28,0,1,0,1,12,1
1618,5,2,2,22,1,0,TOLD - SPQ,68,5,28,106.43,12.61,28,111.46,10.39,-0.4354,0.0731,,,,,,0,1,12,1
1704,5,2,2,21,1,0,TOLD - LIQ,68,5,28,106.86,12.51,28,112.68,12.46,-0.4662,0.0734,,,,,,0,1,12,1
1185,9,5,2,22,1,0,Benton Verbal Fluency,84,1,28,20,6,53,22,6,-0.3333,0.0553,,,,,,0,1,,
1360,9,5,2,22,1,1,WISC-III Vocabulary,84,1,28,12,4,53,12,4,0,0.0546,,,,,,0,1,,
1735,9,5,2,22,1,1,EOWPVT-R,84,1,28,104,20,53,111,21,-0.3388,0.0553,,,,,,0,1,,
1813,9,5,2,22,1,1,EOWPVT-R,84,3,29,104,24,53,111,21,-0.3168,0.054,,,,,,0,1,,
1852,9,5,2,22,1,0,Benton Verbal Fluency,84,3,29,21,6,53,22,6,-0.1667,0.0535,,,,,,0,1,,
1938,9,5,2,21,1,1,PPVT,84,3,29,99,17,53,108,15,-0.5722,0.0553,,,,,,0,1,,
1945,9,5,2,22,1,1,WISC-III Vocabulary,84,3,29,11,4,53,12,4,-0.25,0.0537,,,,,,0,1,,
1971,9,5,2,21,1,1,PPVT,84,1,28,99,19,53,108,15,-0.5462,0.0564,,,,,,0,1,,
442,15,5,1,12,.,2,Words beginning with obstruents,19.05,5,37,51.59,,22,51.59,,1.0708,0.0822,f,anova,15.82,<.001,2,0,1,12,0
879,15,5,1,12,.,2,Words beginning with sonorants,19.05,5,37,56.7,,22,43.87,,0.77,0.0775,f,anova,8.18,<.006,2,0,1,12,0
1989,15,5,2,22,2,1,CDI - total words,27,5,37,271.33,.,22,354.83,.,-0.5786,0.0753,t,t,-2.149,0.037,,0,1,12,0
1113,16,2,2,21,1,0,TROG,92.4,5,92,93.63,18.41,77,100.25,14.88,-0.3918,0.0243,,,,,,1,1,,
1199,16,2,2,22,1,0,ERRNI - Initial,92.4,5,92,104.55,16.38,77,106.05,15.41,-0.0941,0.0239,,,,,,1,1,,
1329,16,2,2,21,1,0,ERRNI - Comprehension,92.4,5,92,99.31,15.15,77,108.2,12.73,-0.6305,0.025,,,,,,1,1,,
1750,16,2,2,22,1,0,ERRNI - MLU,92.4,5,92,97.22,13.61,77,101.46,13.19,-0.3159,0.0242,,,,,,1,1,,
1775,16,2,2,22,1,0,ERRNI - Recall,92.4,5,92,103.28,22.08,77,108.58,17.13,-0.2653,0.0241,,,,,,1,1,,
1855,16,2,2,21,1,1,BPVS-II,92.4,5,92,101.58,11.98,77,107.66,7.86,-0.5896,0.0249,,,,,,1,1,,
399,18,5,1,11,.,2,Canonical Babbling Ratio,16.86,5,14,0.48,0.21,14,0.56,0.19,-0.3995,0.1457,,,,,,0,0,12,0
403,18,5,1,11,.,2,True Canonical Babbling Ratio,16.86,5,14,0.36,0.18,14,0.47,0.17,-0.5758,0.1488,,,,,,0,0,12,0
410,18,5,1,11,.,2,True Consonant Inventory ,16.86,5,14,7.36,4.13,14,10.43,2.9,-0.8603,0.1561,,,,,,0,0,12,0
991,18,5,1,11,.,2,Consonant Inventory,16.86,5,14,11.43,4.13,14,14.29,2.87,-0.8042,0.1544,,,,,,0,0,12,0
1899,18,5,2,21,1,0,PLS-3 AC-SS,16.86,5,14,111.57,9.75,14,115.71,11.51,-0.3881,0.1455,,,,,,0,0,12,0
1939,18,5,2,22,1,0,PLS-3 EC-SS,16.86,5,14,111.36,13.43,14,112,7.01,-0.0597,0.1429,,,,,,0,0,12,0
1747,19,5,2,22,1,0,Bus Story - MLU,60,3,29,6.2,2.3,20,7.3,2.3,-0.4783,0.0868,,,,,,1,1,,
1911,19,5,2,22,1,0,Bus Story - Info,60,3,29,16.4,7.7,20,21.4,8.8,-0.6126,0.0883,,,,,,1,1,,
1982,19,5,2,22,1,0,Bust Story - Num Sub Clauses,60,3,29,1.8,1.8,20,1.9,1.9,-0.0543,0.0845,,,,,,1,1,,
1157,22,2,2,44,1,.,Phoneme isolation,90,5,15,13.6,1.24,15,13.93,0.8,-0.3163,0.135,,,,,,1,1,9,.
1353,22,2,2,44,1,., ,90,5,15,11.47,2.59,15,13.73,1.03,-1.1467,0.1552,,,,,,1,1,9,.
2,23,5,1,12,.,1,Percent Correct Manner,84,3,20,86.17,15.07,7,99.14,1.07,-0.9864,0.2109,,,,,,1,1,.,1
3,23,5,1,12,.,1,Percent Correct Place,84,3,20,99.68,1.43,7,99.71,0.76,-0.0231,0.1929,,,,,,1,1,.,1
2002,23,5,1,12,.,1,Percentage of Consonants Correct,84,3,20,77,23.51,7,98.57,0.98,-1.0521,0.2134,,,,,,1,1,.,1
8,24,2,1,13,.,1,Stopping,57,5,11,3,4.8,22,1,2.3,0.6026,0.1419,,,,,,1,1,3.4,0
83,24,2,1,13,.,1,Coalescence of Sounds,57,5,11,0,0,22,0,0.5,0,0.1364,,,,,,1,1,3.4,0
102,24,2,1,13,.,1,Denasalization,57,5,11,0,0,22,0,0,.,.,,,,,,1,1,3.4,0
122,24,2,1,13,.,1,Initial Consonant Deletion,57,5,11,2,2.8,22,2,2.9,0,0.1364,,,,,,1,1,3.4,0
163,24,2,1,13,.,1,Weak Plosives,57,5,11,6,6.8,22,4,3.5,0.4151,0.139,,,,,,1,1,3.4,0
165,24,2,1,13,.,1,Gliding,57,5,11,31,23.3,22,19,12.5,0.7159,0.1441,,,,,,1,1,3.4,0
199,24,2,1,13,.,1,Reduplication,57,5,11,0,0,22,0,0,.,.,,,,,,1,1,3.4,0
260,24,2,1,13,.,1,Weak Syllable Deletion,57,5,11,1,1.5,22,2,2.6,-0.4342,0.1392,,,,,,1,1,3.4,0
300,24,2,1,13,.,1,Assimilation,57,5,11,3,3.6,22,3,2.6,0,0.1364,,,,,,1,1,3.4,0
402,24,2,1,13,.,1,Final Consonant Deletion,57,5,11,14,11.4,22,5,5.3,1.1528,0.1565,,,,,,1,1,3.4,0
466,24,2,1,13,.,1,Lateral Sigmatism,57,5,11,8,26.3,22,0,0,0.5356,0.1407,,,,,,1,1,3.4,0
523,24,2,1,13,.,1,Backing,57,5,11,17,17.8,22,2,2.9,1.444,0.168,,,,,,1,1,3.4,0
554,24,2,1,13,.,1,Coalescence of Syllables,57,5,11,1,1.4,22,1,1.7,0,0.1364,,,,,,1,1,3.4,0
583,24,2,1,13,.,1,Weak Fricatives,57,5,11,10,8.1,22,8,9.9,0.2137,0.1371,,,,,,1,1,3.4,0
632,24,2,1,13,.,1,Devoicing,57,5,11,1,1.7,22,2,3.2,-0.3565,0.1383,,,,,,1,1,3.4,0
741,24,2,1,13,.,1,Interdental Apicoalveolar,57,5,11,13,14.4,22,8,12.1,0.388,0.1386,,,,,,1,1,3.4,0
749,24,2,1,13,.,1,Metathisis,57,5,11,1,1.1,22,2,1.6,-0.6861,0.1435,,,,,,1,1,3.4,0
824,24,2,1,13,.,1,Compensatory Errors for Fricatives,57,5,11,31,26.3,22,4,9.4,1.605,0.1754,,,,,,1,1,3.4,0
829,24,2,1,13,.,1,N for M Substitution,57,5,11,11,22.7,22,4,5.1,0.5163,0.1404,,,,,,1,1,3.4,0
847,24,2,1,13,.,1,Cluster Simplification,57,5,11,38,17.9,22,16,10.8,1.6291,0.1766,,,,,,1,1,3.4,0
958,24,2,1,13,.,1,"Bilabial Articulation for /f/, /v/",57,5,11,19,27,22,0,0,1.239,0.1596,,,,,,1,1,3.4,0
996,24,2,1,13,.,1,Compensatory Errors for Plosives,57,5,11,12,19.6,22,1,1.1,0.9849,0.1511,,,,,,1,1,3.4,0
2005,24,2,1,13,.,1,Fronting,57,5,11,8,8.1,22,5,4.8,0.4947,0.1401,,,,,,1,1,3.4,0
1337,28,2,2,22,1,0,WPPSI - Info BCLP,54.4,4,28,8.3,3,52,10.3,2.2,-0.7981,0.0589,,,,,,1,0,13.3,.
1448,28,2,2,22,1,0,WPPSI - Similarities UCLP,53.8,3,74,8.7,3.1,52,9.1,2.6,-0.1377,0.0328,,,,,,1,0,13.3,.
1564,28,2,2,22,1,0,WPPSI - Comprehension UCLP,53.8,3,74,9.5,3.7,52,9.8,3.7,-0.0811,0.0328,,,,,,1,0,13.3,.
1657,28,2,2,22,1,1,WPPSI - Vocabulary BCLP,54.4,4,28,7.4,2.7,52,9.6,2.6,-0.8349,0.0593,,,,,,1,0,13.3,.
1673,28,2,2,22,1,0,WPPSI - Info UCLP,53.8,3,74,9.4,2.6,52,10.3,2.2,-0.3683,0.0333,,,,,,1,0,13.3,.
1759,28,2,2,22,1,0,WPPSI - Similarities BCLP,54.4,4,28,7.3,2.5,52,9.1,2.6,-0.7015,0.058,,,,,,1,0,13.3,.
1826,28,2,2,22,1,0,WPPSI - Info CPO,56.4,1,33,9.5,2.7,52,10.3,2.2,-0.3326,0.0502,,,,,,1,0,13.3,.
1848,28,2,2,22,1,0,WPPSI - Comprehension BCLP,54.4,4,28,7.3,2.5,52,9.8,3.7,-0.7499,0.0585,,,,,,1,0,13.3,.
1873,28,2,2,22,1,0,WPPSI - Comprehension CPO,56.4,1,33,8.9,2.5,52,9.8,3.7,-0.2736,0.05,,,,,,1,0,13.3,.
1943,28,2,2,22,1,1,WPPSI - Vocabulary UCLP,53.8,3,74,9.2,3.4,52,9.6,2.6,-0.1292,0.0328,,,,,,1,0,13.3,.
1988,28,2,2,22,1,0,WPPSI - Similarities CPO,56.4,1,33,8.9,3,52,9.1,2.6,-0.0724,0.0496,,,,,,1,0,13.3,.
1995,28,2,2,22,1,1,WPPSI - Vocabulary CPO,56.4,1,33,8.7,3.1,52,9.6,2.6,-0.321,0.0501,,,,,,1,0,13.3,.
6,37,3,1,11,.,2,True Consonant Inventory,27.4,3,10,.,.,10,.,.,-3.4122,0.4911,t,t,-7.63,0.001,,0,1,12,0
7,37,3,1,12,.,2,PCC-R,27.4,3,10,.,.,10,.,.,-1.7531,0.2768,t,t,-3.92,0.001,,0,1,12,0
1120,37,3,2,21,1,0,SICD-R Receptive,27.4,3,10,29.2,6.55,10,26.8,5.67,0.3918,0.2038,,,,,,0,1,12,0
1121,37,3,2,22,1,0,SICD-R Expressive,27.4,3,10,27.9,11.08,10,26.8,7.32,0.1171,0.2003,,,,,,0,1,12,0
1122,37,3,2,22,2,1,TNW,27.4,3,10,162,163.8,10,418,350,-0.9369,0.2219,,,,,,0,1,12,0
1123,37,3,2,22,2,1,NDW,27.4,3,10,56.8,41.1,10,97.4,74.7,-0.6755,0.2114,,,,,,0,1,12,0
1124,37,3,2,22,2,0,MLU,27.4,3,10,1.54,0.79,10,1.65,0.93,-0.1275,0.2004,,,,,,0,1,12,0
93,38,2,1,12,.,1,PCC - Liquids,27.4,5,26,24.1,18.8,42,84.3,16.1,-3.5056,0.1526,,,,,,0,1,12,0
100,38,2,1,12,.,1,PCC- Stops,27.4,5,26,47.3,25.2,42,96,6,-3.0035,0.1286,,,,,,0,1,12,0
270,38,2,1,11,.,1,Number of Initial Consonants,27.4,5,26,6.9,3.3,42,14.6,2.5,-2.7211,0.1167,,,,,,0,1,12,0
296,38,2,1,12,.,1,PCC - Fricatives,27.4,5,26,29.6,11.8,42,94.5,8,-6.748,0.3971,,,,,,0,1,12,0
355,38,2,1,11,.,1,Initial Clusters,27.4,5,26,0.4,0.7,42,1.3,0.7,-1.2857,0.0744,,,,,,0,1,12,0
449,38,2,1,13,.,1,Percent Word Errors,27.4,5,26,76.3,17,42,10.7,9.8,5.0442,0.2494,,,,,,0,1,12,0
461,38,2,1,13,.,1,Percent Omission,27.4,5,26,16.6,13.9,42,2.3,3.5,1.5909,0.0809,,,,,,0,1,12,0
508,38,2,1,12,.,1,PCC - Glides,27.4,5,26,69.2,48,42,78.1,42,-0.2006,0.0626,,,,,,0,1,12,0
540,38,2,1,11,.,1,Number of Consonants,27.4,5,26,25.8,15.7,42,65.9,11.5,-3.0268,0.1296,,,,,,0,1,12,0
570,38,2,1,13,.,1,Percent Substitutions,27.4,5,26,23.9,13.9,42,3.5,3.7,2.2571,0.0997,,,,,,0,1,12,0
614,38,2,1,12,.,1,PCC - Nasals,27.4,5,26,66.9,25.7,42,97.9,5.2,-1.8972,0.0887,,,,,,0,1,12,0
859,38,2,1,12,.,1,PCC - Affricates,27.4,5,26,11.8,28.1,42,79.7,33.3,-2.1602,0.0966,,,,,,0,1,12,0
911,38,2,1,12,.,1,PCC - Total,27.4,5,26,34.9,20.2,42,86.5,15.1,-2.9982,0.1284,,,,,,0,1,12,0
954,38,2,1,13,.,1,Compensatory Errors,27.4,5,26,7,6.8,42,0,0,1.6726,0.0828,,,,,,0,1,12,0
1070,38,2,1,11,.,1,Number Final Consonants,27.4,5,26,4,3,42,14,2.7,-3.5494,0.1549,,,,,,0,1,12,0
239,40,5,1,11,.,2,Mean Babbling Level   ,12,5,8,1.25,0.14,8,1.73,0.22,-2.6032,0.4618,,,,,,1,1,11.1,0
505,40,5,1,11,.,2,Consonant Inventory,24,5,8,11.5,2.74,8,15.75,4.13,-1.2127,0.296,,,,,,1,1,11.1,0
666,40,5,1,11,.,2,Mean Babbling Level   ,12,5,8,1.18,0.12,8,1.43,0.15,-1.8283,0.3545,,,,,,0,1,11.1,0
1100,40,5,1,11,.,2,Consonant Inventory,24,5,8,12,1.6,8,14.88,1.55,-1.8405,0.3559,,,,,,0,1,11.1,0
1445,40,5,2,22,2,0,MLU - USA,24,5,8,1.36,0.32,8,1.94,0.36,-1.7029,0.3406,,,,,,0,1,11.1,0
1643,40,5,2,22,2,1,NDW - Slovak,24,5,8,30.33,11.11,8,81.13,21.23,-2.9983,0.5309,,,,,,1,1,11.1,0
1835,40,5,2,22,2,0,MLU - Slovak,24,5,8,1.09,0.09,8,2.02,0.57,-2.2792,0.4123,,,,,,1,1,11.1,0
1966,40,5,2,22,2,1,NDW - USA,24,5,8,46.25,22.4,8,70.5,10.89,-1.3769,0.3092,,,,,,0,1,11.1,0
1354,42,5,2,22,1,0,SICD-R Expressive,30,3,14,26.1,7.7,25,30.6,1.9,-0.9348,0.1226,,,,,,0,0,12,0
1588,42,5,2,21,1,0,SICD-R Receptive,30,3,14,28,8,25,31.5,2.4,-0.6835,0.1174,,,,,,0,0,12,0
1602,42,5,2,22,1,0,SICD-R Expressive,30,1,11,23.3,3.5,25,30.6,1.9,-2.9434,0.2512,,,,,,0,0,12,0
1706,42,5,2,22,2,1,CDI: Words & Sentences -total,30,1,11,203.27,260,25,410.22,218,-0.8953,0.142,,,,,,0,0,12,0
1906,42,5,2,22,2,0,MLU,30,1,11,0.88,0.83,25,2.67,0.95,-1.9534,0.1839,,,,,,0,0,12,0
1923,42,5,2,21,1,0,SICD-R Receptive,30,1,11,24,7.8,25,31.5,2.4,-1.6005,0.1665,,,,,,0,0,12,0
1937,42,5,2,22,2,1,CDI: Words & Sentences -total,30,3,14,346.71,167.7,25,410.22,218,-0.3148,0.1127,,,,,,0,0,12,0
1983,42,5,2,22,2,0,MLU,30,3,14,1.73,0.42,25,2.67,0.95,-1.1683,0.1289,,,,,,0,0,12,0
1752,49,2,2,21,1,1,PPVT (mental age),49.19,5,67,37.6,12.92,165,61.1,19.23,-1.3313,0.0248,,,,,,0,0,,
628,51,2,1,11,.,1,Number of Consonants,24.5,5,30,8,3.9,30,10.1,4,-0.5316,0.069,,,,,,0,0,12.5,0
1129,51,2,2,22,2,1,TNW,24.5,5,30,66.4,43.5,30,133.4,116.5,-0.7619,0.0715,,,,,,0,0,12.5,0
1534,51,2,2,22,2,0,Number grammatical morphemes,24.5,5,30,1.9,2.3,30,3.8,3.6,-0.629,0.07,,,,,,0,0,12.5,0
1611,51,2,2,21,1,0,PLS-3 Receptive,24.5,5,30,100.7,8.6,30,105.2,15.5,-0.367,0.0678,,,,,,0,0,12.5,0
1697,51,2,2,22,1,0,PLS-3 Expressive,24.5,5,30,90.3,9.9,30,106.1,16.3,-1.1717,0.0781,,,,,,0,0,12.5,0
1725,51,2,2,22,2,0,MLU,24.5,5,30,1.4,0.7,30,1.9,0.8,-0.6652,0.0704,,,,,,0,0,12.5,0
1823,51,2,2,22,2,1,NDW,24.5,5,30,44.9,38.1,30,76.9,62.5,-0.6183,0.0699,,,,,,0,0,12.5,0
1915,51,2,2,22,2,0,CDI:Toddler - mean 3 longest,24.5,5,30,2.5,1.5,30,3.4,2,-0.5091,0.0688,,,,,,0,0,12.5,0
1984,51,2,2,22,2,0,CDI:Toddler - total complexity,24.5,5,30,9.8,12,30,10.7,9.8,-0.0822,0.0667,,,,,,0,0,12.5,0
1987,51,2,2,22,2,1,CDI:Toddler - total words,24.5,5,30,177,155.3,30,288.7,206.7,-0.611,0.0698,,,,,,0,0,12.5,0
1301,55,2,2,22,1,0,DDS,17.66,5,24,-1.9,5.6,24,0.5,4.1,-0.489,0.0858,,,,,,0,0,,
1349,55,2,2,21,2,0,REEL - Receptive (age difference),17.66,5,24,0.7,2.7,24,2.8,2.7,-0.7778,0.0896,,,,,,0,0,,
1683,55,2,2,22,1,0,B-3S- Language Expression (age difference),17.66,5,24,-2.9,6,24,0.4,4,-0.6472,0.0877,,,,,,0,0,,
1828,55,2,2,21,1,0,B-3S - Language Comprehension (age difference),17.66,5,24,-3.3,5.5,24,-1.1,4.3,-0.4457,0.0854,,,,,,0,0,,
1880,55,2,2,22,2,0,REEL - Expressive (age difference),17.66,5,24,-1.1,3.4,24,1.7,2.3,-0.9647,0.093,,,,,,0,0,,
183,56,5,1,12,.,2,Percent Accuracy for Initial Word Position,22,5,5,58.1,19.5,5,75.1,15,-0.9772,0.4477,,,,,,1,0,14.3,0
134,57,2,1,13,.,2,Cleft Speech Characteristics (story retell),60,3,20,17.41,18,20,0.64,0.98,1.3156,0.1216,,,,,,1,1,.,1
140,57,2,1,12,.,2,Percent Correct Place (sentences),60,3,20,77.99,20.45,20,96.91,3.58,-1.2888,0.1208,,,,,,1,1,.,1
201,57,2,1,12,.,1,PCC - words,60,3,20,81.75,18.15,20,96.15,4.91,-1.0831,0.1147,,,,,,1,1,.,1
212,57,2,1,12,.,2,PCC - conversation,60,3,20,73.75,19.73,20,94.81,4.45,-1.4726,0.1271,,,,,,1,1,.,1
248,57,2,1,12,.,1,Percent Correct Manner (words),60,3,20,88.61,11.51,20,96.52,5.03,-0.8906,0.1099,,,,,,1,1,.,1
329,57,2,1,13,.,2,Phonological Processes (conversation),60,3,20,19.99,15.13,20,5.08,4.42,1.3377,0.1224,,,,,,1,1,.,1
346,57,2,1,12,.,2,Percent Correct Place (story retell),60,3,20,76.85,20.45,20,94.94,3.65,-1.2315,0.119,,,,,,1,1,.,1
485,57,2,1,12,.,2,Percent Correct Manner (sentences),60,3,20,87.91,8.47,20,95.58,3.84,-1.1664,0.117,,,,,,1,1,.,1
506,57,2,1,12,.,2,PCC -story retell,60,3,20,72.98,21.35,20,93.61,4.55,-1.3365,0.1223,,,,,,1,1,.,1
512,57,2,1,13,.,1,Phonological Processes (word level),60,3,20,12.46,14.29,20,3.95,4.9,0.7967,0.1079,,,,,,1,1,.,1
567,57,2,1,12,.,2,Percent Correct Manner (conversation),60,3,20,86.11,8.36,20,95.48,3.56,-1.4583,0.1266,,,,,,1,1,.,1
578,57,2,1,12,.,2,PCC - sentences,60,3,20,73.39,21.07,20,95.13,4.02,-1.4333,0.1257,,,,,,1,1,.,1
664,57,2,1,12,.,1,Percent Correct Places (words),60,3,20,84.6,17.49,20,97.2,4.87,-0.9815,0.112,,,,,,1,1,.,1
763,57,2,1,13,.,1,Cleft Speech Characteristics (words),60,3,20,9.24,12.21,20,0.38,0.93,1.0232,0.1131,,,,,,1,1,.,1
920,57,2,1,12,.,2,Percent Correct Manner (story retell),60,3,20,86.08,10.11,20,94.94,3.62,-1.1668,0.117,,,,,,1,1,.,1
943,57,2,1,13,.,2,Phonological Processes (story retell),60,3,20,23.23,20.84,20,6.17,4.72,1.1291,0.1159,,,,,,1,1,.,1
948,57,2,1,13,.,2,Phonological Processes (sentences),60,3,20,18.41,15.24,20,4.14,4.22,1.2762,0.1204,,,,,,1,1,.,1
972,57,2,1,13,.,2,Cleft Speech Characteristics (sentences),60,3,20,18.67,18.09,20,0.05,0.23,1.4555,0.1265,,,,,,1,1,.,1
994,57,2,1,12,.,2,Percent Correct Places (conversation) ,60,3,20,78.62,19.06,20,95.94,4,-1.2577,0.1198,,,,,,1,1,.,1
2008,57,2,1,13,.,2,Cleft Speech Characteristics (conversation),60,3,20,15.65,16.74,20,0.47,0.77,1.2811,0.1205,,,,,,1,1,.,1
563,59,2,1,11,.,2,Number of Consonants (Delayed Hard Palate Closure Group),13,3,14,10.6,2.59,19,10.8,2.87,-0.0726,0.1241,,,,,,1,0,.,1
682,59,2,1,11,.,2,Number of Consonants (WK Group),13,5,19,5.3,2,19,10.8,2.87,-2.2235,0.1703,,,,,,1,0,.,1
1221,66,2,2,22,1,1,MDI - expressive,24,5,51,.,.,61,.,.,-0.7514,0.0385,t,t,-3.96,0.01,,0,0,12.3,.
4,72,2,1,11,.,2,Consonant Inventory,30,3,13,14.5,4.9,13,16.3,3.5,-0.4227,0.1573,,,,,,0,1,11.7,0
5,72,2,1,12,.,2,PCC - R,30,3,13,59.4,9.1,13,77,9.6,-1.8817,0.2219,,,,,,0,1,11.7,0
1736,72,2,2,22,2,1,MCDI Vocabulary,30,3,13,348.4,168.1,13,547.3,98.9,-1.4422,0.1938,,,,,,0,1,11.7,0
1101,73,2,1,11,.,1,Consonant Inventory,26,5,10,15.1,3.31,5,15.4,1.95,-0.1014,0.3003,,,,,,0,0,15.5,0
1102,73,2,1,13,.,1,Number Compensatory Errors,26,5,10,6.3,4.9,5,3,4.8,0.6777,0.3153,,,,,,0,0,15,0
0,84,2,1,13,.,1,Ugandan - stopping,58.8,5,12,3,5,12,1,3,0.4851,0.1716,,,,,,1,1,3.3,0
1,84,2,1,13,.,1,Ugandan - comp fric,58.8,5,12,32,25,12,2,3,1.685,0.2258,,,,,,1,1,3.3,0
9,84,2,1,13,.,1,Ugandan - backing,58.8,5,12,16,17,12,1,1,1.2457,0.199,,,,,,1,1,3.3,0
12,84,2,1,13,.,1,Ugandan - delete initial,58.8,5,12,2,4,12,2,3,0,0.1667,,,,,,1,1,3.3,0
17,84,2,1,13,.,1,Ugandan - cluster simplification,58.8,5,12,40,19,12,16,14,1.4381,0.2098,,,,,,1,1,3.3,0
27,84,2,1,13,.,1,Ugandan - reduplication,58.8,5,12,0,0,12,0,2,0,0.1667,,,,,,1,1,3.3,0
39,84,2,1,13,.,1,Belgian - liquid gliding,56.4,5,12,20,21,12,8,18,0.6136,0.1745,,,,,,1,1,11.1,0
42,84,2,1,13,.,1,Ugandan - coalescence sounds,58.8,5,12,0,0,12,0,1,0,0.1667,,,,,,1,1,3.3,0
48,84,2,1,13,.,1,Belgian - backing,56.4,5,12,19,21,12,1,2,1.2067,0.197,,,,,,1,1,11.1,0
52,84,2,1,13,.,1,Ugandan - fronting,58.8,5,12,8,8,12,6,6,0.2828,0.1683,,,,,,1,1,3.3,0
54,84,2,1,13,.,1,Ugandan - liquid gliding,58.8,5,12,34,24,12,19,14,0.7635,0.1788,,,,,,1,1,3.3,0
55,84,2,1,13,.,1,Belgian - delete unstressed,56.4,5,12,3,7,12,0,1,0.6,0.1742,,,,,,1,1,11.1,0
59,84,2,1,13,.,1,Belgian - reduplication,56.4,5,12,2,2,12,1,1,0.6325,0.175,,,,,,1,1,11.1,0
60,84,2,1,13,.,1,Belgian - comp fric,56.4,5,12,25,28,12,2,5,1.1436,0.1939,,,,,,1,1,11.1,0
61,84,2,1,13,.,1,Belgian - fronting,56.4,5,12,8,16,12,4,5,0.3375,0.169,,,,,,1,1,11.1,0
63,84,2,1,13,.,1,Belgian - denasalization,56.4,5,12,0,1,12,0,0,0,0.1667,,,,,,1,1,11.1,0
67,84,2,1,13,.,1,Ugandan - denasalization,58.8,5,12,0,0,12,0,0,0,0,,,,,,1,1,3.3,0
75,84,2,1,13,.,1,Ugandan - delete final,58.8,5,12,13,11,12,4,4,1.0874,0.1913,,,,,,1,1,3.3,0
80,84,2,1,13,.,1,Ugandan - comp plosive,58.8,5,12,11,19,12,0,1,0.8176,0.1806,,,,,,1,1,3.3,0
81,84,2,1,13,.,1,Ugandan - assimilation,58.8,5,12,4,4,12,4,3,0,0.1667,,,,,,1,1,3.3,0
89,84,2,1,13,.,1,Belgian - delete initial,56.4,5,12,3,5,12,0,0,0.8485,0.1817,,,,,,1,1,11.1,0
94,84,2,1,13,.,1,Belgian - delete final,56.4,5,12,10,16,12,5,6,0.4138,0.1702,,,,,,1,1,11.1,0
95,84,2,1,13,.,1,Belgian - cluster simplification,56.4,5,12,39,26,12,17,16,1.0191,0.1883,,,,,,1,1,11.1,0
96,84,2,1,13,.,1,Belgian - comp plosive,56.4,5,12,19,25,12,0,0,1.0748,0.1907,,,,,,1,1,11.1,0
99,84,2,1,13,.,1,Ugandan - devoicing,58.8,5,12,1,3,12,1,2,0,0.1667,,,,,,1,1,3.3,0
2001,84,2,1,13,.,1,Ugandan - coalescence syllables,58.8,5,12,1,1,12,1,2,0,0.1667,,,,,,1,1,3.3,0
2003,84,2,1,13,.,1,Belgian - assimilation,56.4,5,12,3,4,12,2,3,0.2828,0.1683,,,,,,1,1,11.1,0
2004,84,2,1,13,.,1,Belgian - coalescence syllables,56.4,5,12,1,1,12,0,1,1,0.1875,,,,,,1,1,11.1,0
2006,84,2,1,13,.,1,Belgian - devoicing,56.4,5,12,11,11,12,14,18,-0.2011,0.1675,,,,,,1,1,11.1,0
2009,84,2,1,13,.,1,Belgian - stopping,56.4,5,12,6,9,12,0,0,0.9428,0.1852,,,,,,1,1,11.1,0
2010,84,2,1,13,.,1,Ugandan - delete unstressed,58.8,5,12,1,2,12,2,2,-0.5,0.1719,,,,,,1,1,3.3,0
2011,84,2,1,13,.,1,Belgian - coalescence sounds,56.4,5,12,0,0,12,0,1,0,0.1667,,,,,,1,1,11.1,0
77,90,2,1,13,.,1,Nasalization,54,5,20,0.9,2.4,20,0,0,0.5303,0.1053,,,,,,1,1,12,.
110,90,2,1,13,.,1,Diph-reduction,54,5,20,0.2,0.4,20,0.2,0.4,0,0.1,,,,,,1,1,12,.
242,90,2,1,13,.,1,Fronting,54,5,20,0.8,1.5,20,0.1,1.6,0.4514,0.1025,,,,,,1,1,12,.
334,90,2,1,13,.,1,Affrication,54,5,20,1,2,20,1.5,2.3,-0.232,0.1007,,,,,,1,1,12,.
359,90,2,1,13,.,1,Backing,54,5,20,1.8,3.5,20,4.5,6.9,-0.4935,0.103,,,,,,1,1,12,.
383,90,2,1,13,.,1,Syllable-final consonant deletion,54,5,20,0.4,1.1,20,2.2,3.7,-0.6595,0.1054,,,,,,1,1,12,.
407,90,2,1,13,.,1,Friction,54,5,20,1.3,2.6,20,0.4,0.9,0.4626,0.1027,,,,,,1,1,12,.
411,90,2,1,13,.,1,Syllable-initial consonant deletion,54,5,20,10.4,16.2,20,0.3,0.6,0.8811,0.1097,,,,,,1,1,12,.
550,90,2,1,13,.,1,Aspiration,54,5,20,0.1,0.3,20,0.1,0.3,0,0.1,,,,,,1,1,12,.
585,90,2,1,13,.,1,Stopping,54,5,20,7,9.6,20,3.8,6.9,0.3828,0.1018,,,,,,1,1,12,.
669,90,2,1,13,.,1,Liquid placement substitution,54,5,20,1.05,1.1,20,2,1.3,-0.7889,0.1078,,,,,,1,1,12,.
717,90,2,1,13,.,1,Assimilation,54,5,20,0.3,0.5,20,0.9,0.9,-0.8242,0.2085,,,,,,1,1,12,.
493,91,2,2,22,2,.,Groningen Diagnositic Speech Norms,29,5,43,.,.,23,.,.,-0.4525,0.0637,c,chi-sq,.,0.073,,1,1,10,1
721,91,2,2,21,1,0,Reynell Developmental Language Scales,29,5,33,.,.,26,.,.,-0.4193,0.0708,c,chi-sq,.,0.115,,1,1,10,1
2013,91,2,1,12,.,1,Articulation,29,5,41,.,.,23,.,.,-0.3929,0.0649,c,chi-sq,.,0.123,.,1,1,10,1
220,93,2,1,12,.,1,Single word imitation,64,1,10,55.4,31.17,47,84.3,14.92,-1.5556,0.1425,,,,,,0,1,.,.
326,93,2,1,12,.,1,Single word imitation,64,3,10,66.2,5.5,47,84.3,14.92,-1.3092,0.1363,,,,,,0,1,.,.
453,93,2,2,22,2,.,MLU,64,1,10,4.9,1.63,47,5.6,1.22,-0.5401,0.1238,,,,,,0,1,.,.
2007,93,2,2,22,2,.,MLU,64,3,10,4.3,1.12,47,5.6,1.22,-1.0796,0.1315,,,,,,0,1,.,.
166,98,5,2,21,1,0,SICD-R Receptive,24,5,26,21,6,16,22,5,-0.1771,0.1013,,,,,,1,0,.,.
326,98,5,2,22,1,0,REEL - Expressive,24,5,26,19,6,16,22,5,-0.5314,0.1043,,,,,,1,0,.,.
493,98,5,2,22,1,0,SICD-R Expressive,24,5,26,15,6,16,21,5,-1.0627,0.1144,,,,,,1,0,.,.
543,98,5,2,21,1,0,PLS - R Receptive,24,5,26,22,5,16,25,4,-0.6451,0.1059,,,,,,1,0,.,.
622,98,5,2,21,1,0,REEL - Receptive,24,5,26,21,6,16,23,4,-0.3746,0.1026,,,,,,1,0,.,.
698,98,5,2,22,2,.,MLU,24,5,26,1.1,0.9,16,1.4,0.5,-0.3873,0.1027,,,,,,1,0,.,.
887,98,5,2,22,1,0,PLS-R Expressive,24,5,26,18,4,16,22,4,-1,0.1129,,,,,,1,0,.,.